"Localidades";"Períodos";"Renda per Capita - Censo Demográfico (Em reais correntes)";"Domicílios Particulares com Renda per Capita até 1/2 Salário Mínimo - Censo Demográfico (Em %)";"Domicílios Particulares com Renda per Capita até 1/4 do Salário Mínimo - Censo Demográfico (Em %)";"Cód. IBGE"
"Adamantina";"2000";"353,34";"";"";3500105
"Adamantina";"2010";"778,44";"12,78";"3,03";3500105
"Adolfo";"2000";"221,97";"";"";3500204
"Adolfo";"2010";"588,02";"16,08";"5,33";3500204
"Aguaí";"2000";"311,06";"";"";3500303
"Aguaí";"2010";"540,88";"24,41";"6,87";3500303
"Águas da Prata";"2000";"342,77";"";"";3500402
"Águas da Prata";"2010";"726,28";"18,04";"4,09";3500402
"Águas de Lindóia";"2000";"401,66";"";"";3500501
"Águas de Lindóia";"2010";"680,22";"15,97";"5,31";3500501
"Águas de Santa Bárbara";"2000";"302";"";"";3500550
"Águas de Santa Bárbara";"2010";"703,8";"17,09";"4,77";3500550
"Águas de São Pedro";"2000";"893,92";"";"";3500600
"Águas de São Pedro";"2010";"1353,66";"7,27";"2,93";3500600
"Agudos";"2000";"264,25";"";"";3500709
"Agudos";"2010";"584,66";"21,07";"6,88";3500709
"Alambari";"2000";"211,4";"";"";3500758
"Alambari";"2010";"510,33";"24,15";"7,22";3500758
"Alfredo Marcondes";"2000";"224,99";"";"";3500808
"Alfredo Marcondes";"2010";"574,27";"19,16";"4,59";3500808
"Altair";"2000";"223,48";"";"";3500907
"Altair";"2010";"517,99";"20,74";"5,31";3500907
"Altinópolis";"2000";"391,09";"";"";3501004
"Altinópolis";"2010";"635,36";"18";"3,96";3501004
"Alto Alegre";"2000";"208,38";"";"";3501103
"Alto Alegre";"2010";"517,16";"20,75";"5,45";3501103
"Alumínio";"2000";"300,49";"";"";3501152
"Alumínio";"2010";"653,51";"17,47";"6,54";3501152
"Álvares Florence";"2000";"252,17";"";"";3501202
"Álvares Florence";"2010";"463,88";"26,23";"10,57";3501202
"Álvares Machado";"2000";"256,7";"";"";3501301
"Álvares Machado";"2010";"558,09";"23,9";"6,45";3501301
"Álvaro de Carvalho";"2000";"120,8";"";"";3501400
"Álvaro de Carvalho";"2010";"331,26";"26,38";"7,61";3501400
"Alvinlândia";"2000";"187,24";"";"";3501509
"Alvinlândia";"2010";"500,44";"27,3";"5,7";3501509
"Americana";"2000";"472,63";"";"";3501608
"Americana";"2010";"996,71";"8,01";"2,78";3501608
"Américo Brasiliense";"2000";"241,6";"";"";3501707
"Américo Brasiliense";"2010";"565,83";"18,66";"6,04";3501707
"Américo de Campos";"2000";"237,07";"";"";3501806
"Américo de Campos";"2010";"591,29";"17,83";"2,93";3501806
"Amparo";"2000";"443,94";"";"";3501905
"Amparo";"2010";"816,69";"10,48";"2,8";3501905
"Analândia";"2000";"320,12";"";"";3502002
"Analândia";"2010";"685,94";"17,98";"4,33";3502002
"Andradina";"2000";"353,34";"";"";3502101
"Andradina";"2010";"710";"16,83";"5,28";3502101
"Angatuba";"2000";"250,66";"";"";3502200
"Angatuba";"2010";"524,82";"24,21";"5,75";3502200
"Anhembi";"2000";"249,15";"";"";3502309
"Anhembi";"2010";"401,87";"26,73";"8,46";3502309
"Anhumas";"2000";"164,59";"";"";3502408
"Anhumas";"2010";"475,43";"26,11";"9,26";3502408
"Aparecida";"2000";"321,63";"";"";3502507
"Aparecida";"2010";"639,68";"20,15";"5,83";3502507
"Aparecida d'Oeste";"2000";"250,66";"";"";3502606
"Aparecida d'Oeste";"2010";"508";"26,89";"9,37";3502606
"Apiaí";"2000";"170,63";"";"";3502705
"Apiaí";"2010";"445,21";"44,46";"21,26";3502705
"Aramina";"2000";"250,66";"";"";3503000
"Aramina";"2010";"616,78";"17,42";"4,66";3503000
"Arandu";"2000";"188,75";"";"";3503109
"Arandu";"2010";"484,52";"22,54";"5,78";3503109
"Arapeí";"2000";"152,51";"";"";3503158
"Arapeí";"2010";"414,54";"31,9";"9,75";3503158
"Araraquara";"2000";"439,41";"";"";3503208
"Araraquara";"2010";"891,74";"12,69";"4,21";3503208
"Araras";"2000";"374,48";"";"";3503307
"Araras";"2010";"796,15";"13,16";"3,8";3503307
"Araçariguama";"2000";"270,29";"";"";3502754
"Araçariguama";"2010";"591,97";"20,93";"6,03";3502754
"Araçatuba";"2000";"501,32";"";"";3502804
"Araçatuba";"2010";"847,76";"15,06";"5,58";3502804
"Araçoiaba da Serra";"2000";"306,53";"";"";3502903
"Araçoiaba da Serra";"2010";"763,31";"20,64";"6,81";3502903
"Arco-Íris";"2000";"128,35";"";"";3503356
"Arco-Íris";"2010";"468,04";"27,42";"8,87";3503356
"Arealva";"2000";"273,31";"";"";3503406
"Arealva";"2010";"616,98";"21,22";"7,1";3503406
"Areias";"2000";"200,83";"";"";3503505
"Areias";"2010";"356,22";"45,98";"18,74";3503505
"Areiópolis";"2000";"202,34";"";"";3503604
"Areiópolis";"2010";"502,08";"20,6";"5,18";3503604
"Ariranha";"2000";"220,46";"";"";3503703
"Ariranha";"2010";"669,28";"11,62";"3,08";3503703
"Artur Nogueira";"2000";"315,59";"";"";3503802
"Artur Nogueira";"2010";"661,52";"16,02";"4,45";3503802
"Arujá";"2000";"336,73";"";"";3503901
"Arujá";"2010";"745,4";"25,75";"10,72";3503901
"Aspásia";"2000";"175,16";"";"";3503950
"Aspásia";"2010";"422,34";"25,53";"7,54";3503950
"Assis";"2000";"397,13";"";"";3504008
"Assis";"2010";"802,57";"15,18";"4,59";3504008
"Atibaia";"2000";"443,94";"";"";3504107
"Atibaia";"2010";"871,55";"15,76";"5,64";3504107
"Auriflama";"2000";"326,16";"";"";3504206
"Auriflama";"2010";"676,26";"13,66";"3,01";3504206
"Avaí";"2000";"209,89";"";"";3504305
"Avaí";"2010";"474,78";"32,52";"12,27";3504305
"Avanhandava";"2000";"212,91";"";"";3504404
"Avanhandava";"2010";"465,53";"24,02";"6,84";3504404
"Avaré";"2000";"366,93";"";"";3504503
"Avaré";"2010";"723,28";"17,27";"5,22";3504503
"Bady Bassitt";"2000";"317,1";"";"";3504602
"Bady Bassitt";"2010";"693,08";"12,6";"4,65";3504602
"Balbinos";"2000";"229,52";"";"";3504701
"Balbinos";"2010";"205,84";"20,47";"5,76";3504701
"Bálsamo";"2000";"433,37";"";"";3504800
"Bálsamo";"2010";"735,55";"11,88";"2,76";3504800
"Bananal";"2000";"261,23";"";"";3504909
"Bananal";"2010";"528,97";"32,49";"10,57";3504909
"Barão de Antonina";"2000";"173,65";"";"";3505005
"Barão de Antonina";"2010";"446,88";"36,16";"14,01";3505005
"Barbosa";"2000";"193,28";"";"";3505104
"Barbosa";"2010";"489,35";"24,73";"7,7";3505104
"Bariri";"2000";"336,73";"";"";3505203
"Bariri";"2010";"677,08";"12,82";"3,05";3505203
"Barra Bonita";"2000";"369,95";"";"";3505302
"Barra Bonita";"2010";"729,78";"12,37";"3,2";3505302
"Barra do Chapéu";"2000";"104,19";"";"";3505351
"Barra do Chapéu";"2010";"303,98";"56,02";"27,24";3505351
"Barra do Turvo";"2000";"104,19";"";"";3505401
"Barra do Turvo";"2010";"359,38";"46,85";"22,06";3505401
"Barretos";"2000";"395,62";"";"";3505500
"Barretos";"2010";"792,94";"13,98";"4,44";3505500
"Barrinha";"2000";"215,93";"";"";3505609
"Barrinha";"2010";"529,22";"21,99";"7,2";3505609
"Barueri";"2000";"495,28";"";"";3505708
"Barueri";"2010";"877,46";"23,05";"8,73";3505708
"Bastos";"2000";"247,64";"";"";3505807
"Bastos";"2010";"518,35";"20,53";"5,94";3505807
"Batatais";"2000";"362,4";"";"";3505906
"Batatais";"2010";"728,19";"15,26";"4,83";3505906
"Bauru";"2000";"495,28";"";"";3506003
"Bauru";"2010";"905,65";"14,35";"5,1";3506003
"Bebedouro";"2000";"339,75";"";"";3506102
"Bebedouro";"2010";"695,75";"16,87";"4,32";3506102
"Bento de Abreu";"2000";"212,91";"";"";3506201
"Bento de Abreu";"2010";"595,68";"16,36";"4,06";3506201
"Bernardino de Campos";"2000";"280,86";"";"";3506300
"Bernardino de Campos";"2010";"579,65";"19,51";"4,57";3506300
"Bertioga";"2000";"336,73";"";"";3506359
"Bertioga";"2010";"617,07";"22,87";"8,11";3506359
"Bilac";"2000";"315,59";"";"";3506409
"Bilac";"2010";"714,09";"11,58";"2,76";3506409
"Birigui";"2000";"371,46";"";"";3506508
"Birigui";"2010";"698,14";"11,64";"3,38";3506508
"Biritiba-Mirim";"2000";"240,09";"";"";3506607
"Biritiba-Mirim";"2010";"478,17";"32,08";"11,18";3506607
"Boa Esperança do Sul";"2000";"243,11";"";"";3506706
"Boa Esperança do Sul";"2010";"505,86";"23,76";"6,9";3506706
"Bocaina";"2000";"305,02";"";"";3506805
"Bocaina";"2010";"679,51";"11,9";"3,07";3506805
"Bofete";"2000";"292,94";"";"";3506904
"Bofete";"2010";"493,07";"28,82";"11,91";3506904
"Boituva";"2000";"329,18";"";"";3507001
"Boituva";"2010";"742,19";"17,01";"5,62";3507001
"Bom Jesus dos Perdões";"2000";"292,94";"";"";3507100
"Bom Jesus dos Perdões";"2010";"603,86";"20,62";"8";3507100
"Bom Sucesso de Itararé";"2000";"134,39";"";"";3507159
"Bom Sucesso de Itararé";"2010";"329,1";"49,35";"19,1";3507159
"Borá";"2000";"237,07";"";"";3507209
"Borá";"2010";"575,59";"17,57";"5,44";3507209
"Boracéia";"2000";"256,7";"";"";3507308
"Boracéia";"2010";"579,94";"16,55";"5,2";3507308
"Borborema";"2000";"267,27";"";"";3507407
"Borborema";"2010";"587,25";"19,15";"4,94";3507407
"Borebi";"2000";"188,75";"";"";3507456
"Borebi";"2010";"494,67";"21,58";"6,19";3507456
"Botucatu";"2000";"424,31";"";"";3507506
"Botucatu";"2010";"897,9";"15,25";"5,22";3507506
"Bragança Paulista";"2000";"397,13";"";"";3507605
"Bragança Paulista";"2010";"776,01";"16,54";"6,12";3507605
"Braúna";"2000";"255,19";"";"";3507704
"Braúna";"2010";"626,65";"14,4";"3,58";3507704
"Brejo Alegre";"2000";"170,63";"";"";3507753
"Brejo Alegre";"2010";"471,63";"18,78";"3,81";3507753
"Brodowski";"2000";"318,61";"";"";3507803
"Brodowski";"2010";"647,89";"17,68";"6,6";3507803
"Brotas";"2000";"345,79";"";"";3507902
"Brotas";"2010";"648,64";"16,61";"4,47";3507902
"Buri";"2000";"173,65";"";"";3508009
"Buri";"2010";"382,31";"44,57";"17,7";3508009
"Buritama";"2000";"289,92";"";"";3508108
"Buritama";"2010";"647,42";"16,97";"4,73";3508108
"Buritizal";"2000";"231,03";"";"";3508207
"Buritizal";"2010";"689,86";"18,43";"5,81";3508207
"Cabrália Paulista";"2000";"179,69";"";"";3508306
"Cabrália Paulista";"2010";"454,44";"30,29";"10,94";3508306
"Cabreúva";"2000";"271,8";"";"";3508405
"Cabreúva";"2010";"583,97";"18,6";"5,99";3508405
"Cachoeira Paulista";"2000";"274,82";"";"";3508603
"Cachoeira Paulista";"2010";"628,07";"25,4";"8,84";3508603
"Caconde";"2000";"250,66";"";"";3508702
"Caconde";"2010";"500,99";"31,85";"9,83";3508702
"Cafelândia";"2000";"314,08";"";"";3508801
"Cafelândia";"2010";"590,1";"22,78";"6,91";3508801
"Caiabu";"2000";"166,1";"";"";3508900
"Caiabu";"2010";"498,11";"19,76";"6,97";3508900
"Caieiras";"2000";"321,63";"";"";3509007
"Caieiras";"2010";"683,16";"19,31";"7,19";3509007
"Caiuá";"2000";"146,47";"";"";3509106
"Caiuá";"2010";"413,05";"33,29";"11,55";3509106
"Cajamar";"2000";"297,47";"";"";3509205
"Cajamar";"2010";"571,55";"24,66";"10,42";3509205
"Cajati";"2000";"170,63";"";"";3509254
"Cajati";"2010";"403,15";"38,86";"15,47";3509254
"Cajobi";"2000";"211,4";"";"";3509304
"Cajobi";"2010";"604,09";"15,39";"3,68";3509304
"Cajuru";"2000";"279,35";"";"";3509403
"Cajuru";"2010";"541,09";"25,14";"9,54";3509403
"Campina do Monte Alegre";"2000";"202,34";"";"";3509452
"Campina do Monte Alegre";"2010";"439,63";"33,26";"11,16";3509452
"Campinas";"2000";"611,55";"";"";3509502
"Campinas";"2010";"1135,29";"14,36";"6,43";3509502
"Campo Limpo Paulista";"2000";"326,16";"";"";3509601
"Campo Limpo Paulista";"2010";"677,02";"17,59";"6,07";3509601
"Campos do Jordão";"2000";"380,52";"";"";3509700
"Campos do Jordão";"2010";"568,87";"23,62";"7,92";3509700
"Campos Novos Paulista";"2000";"199,32";"";"";3509809
"Campos Novos Paulista";"2010";"478,42";"29,2";"8,44";3509809
"Cananéia";"2000";"232,54";"";"";3509908
"Cananéia";"2010";"482,69";"35,34";"14,27";3509908
"Canas";"2000";"161,57";"";"";3509957
"Canas";"2010";"402,53";"39,09";"11,62";3509957
"Cândido Mota";"2000";"259,72";"";"";3510005
"Cândido Mota";"2010";"572,73";"22,94";"7,35";3510005
"Cândido Rodrigues";"2000";"223,48";"";"";3510104
"Cândido Rodrigues";"2010";"645,66";"9,78";"2,19";3510104
"Canitar";"2000";"154,02";"";"";3510153
"Canitar";"2010";"426,26";"27,42";"6,73";3510153
"Capão Bonito";"2000";"184,22";"";"";3510203
"Capão Bonito";"2010";"449,04";"36,18";"13,46";3510203
"Capela do Alto";"2000";"191,77";"";"";3510302
"Capela do Alto";"2010";"464,89";"28,22";"8,2";3510302
"Capivari";"2000";"318,61";"";"";3510401
"Capivari";"2010";"669,18";"16,03";"5,02";3510401
"Caraguatatuba";"2000";"326,16";"";"";3510500
"Caraguatatuba";"2010";"641,55";"23,39";"8,98";3510500
"Carapicuíba";"2000";"274,82";"";"";3510609
"Carapicuíba";"2010";"577,56";"25,03";"10,89";3510609
"Cardoso";"2000";"246,13";"";"";3510708
"Cardoso";"2010";"540,04";"24,68";"7,87";3510708
"Casa Branca";"2000";"326,16";"";"";3510807
"Casa Branca";"2010";"637,9";"20,97";"6,75";3510807
"Cássia dos Coqueiros";"2000";"237,07";"";"";3510906
"Cássia dos Coqueiros";"2010";"511,87";"26,16";"6,21";3510906
"Castilho";"2000";"187,24";"";"";3511003
"Castilho";"2010";"487,8";"32,21";"13,96";3511003
"Catanduva";"2000";"385,05";"";"";3511102
"Catanduva";"2010";"819,66";"11,47";"3,8";3511102
"Catiguá";"2000";"244,62";"";"";3511201
"Catiguá";"2010";"677,03";"10,77";"2,27";3511201
"Caçapava";"2000";"362,4";"";"";3508504
"Caçapava";"2010";"719,83";"18,95";"6,58";3508504
"Cedral";"2000";"282,37";"";"";3511300
"Cedral";"2010";"736,05";"13,49";"4,85";3511300
"Cerqueira César";"2000";"265,76";"";"";3511409
"Cerqueira César";"2010";"586,82";"19,46";"5,29";3511409
"Cerquilho";"2000";"421,29";"";"";3511508
"Cerquilho";"2010";"784,71";"8,68";"1,88";3511508
"Cesário Lange";"2000";"220,46";"";"";3511607
"Cesário Lange";"2010";"536,8";"20,67";"5,95";3511607
"Charqueada";"2000";"280,86";"";"";3511706
"Charqueada";"2010";"615,79";"18,2";"6,59";3511706
"Chavantes";"2000";"262,74";"";"";3557204
"Chavantes";"2010";"586,48";"21,77";"5,63";3557204
"Clementina";"2000";"196,3";"";"";3511904
"Clementina";"2010";"580,29";"15";"3,56";3511904
"Colina";"2000";"268,78";"";"";3512001
"Colina";"2010";"616,07";"19,4";"5,53";3512001
"Colômbia";"2000";"259,72";"";"";3512100
"Colômbia";"2010";"534,01";"22,96";"7,82";3512100
"Conchal";"2000";"249,15";"";"";3512209
"Conchal";"2010";"522,73";"23,46";"7,53";3512209
"Conchas";"2000";"371,46";"";"";3512308
"Conchas";"2010";"633,57";"20,75";"7,29";3512308
"Cordeirópolis";"2000";"368,44";"";"";3512407
"Cordeirópolis";"2010";"695,07";"13,98";"4,74";3512407
"Coroados";"2000";"243,11";"";"";3512506
"Coroados";"2010";"561,28";"17,97";"4,55";3512506
"Coronel Macedo";"2000";"176,67";"";"";3512605
"Coronel Macedo";"2010";"406,58";"38,76";"13,57";3512605
"Corumbataí";"2000";"289,92";"";"";3512704
"Corumbataí";"2010";"646,92";"19,74";"6,91";3512704
"Cosmópolis";"2000";"302";"";"";3512803
"Cosmópolis";"2010";"703,59";"17,14";"7,59";3512803
"Cosmorama";"2000";"224,99";"";"";3512902
"Cosmorama";"2010";"580,78";"18,73";"5,69";3512902
"Cotia";"2000";"430,35";"";"";3513009
"Cotia";"2010";"882,64";"21,22";"8,97";3513009
"Cravinhos";"2000";"351,83";"";"";3513108
"Cravinhos";"2010";"663,68";"14,98";"3,8";3513108
"Cristais Paulista";"2000";"253,68";"";"";3513207
"Cristais Paulista";"2010";"606,96";"19,89";"4,35";3513207
"Cruzália";"2000";"270,29";"";"";3513306
"Cruzália";"2010";"619,43";"21,57";"7,06";3513306
"Cruzeiro";"2000";"314,08";"";"";3513405
"Cruzeiro";"2010";"649,81";"23,57";"8,45";3513405
"Cubatão";"2000";"267,27";"";"";3513504
"Cubatão";"2010";"569,82";"26,14";"11,87";3513504
"Cunha";"2000";"151";"";"";3513603
"Cunha";"2010";"393,08";"43,44";"16,47";3513603
"Descalvado";"2000";"359,38";"";"";3513702
"Descalvado";"2010";"666,9";"16,99";"5,29";3513702
"Diadema";"2000";"292,94";"";"";3513801
"Diadema";"2010";"564,99";"24,46";"10,56";3513801
"Dirce Reis";"2000";"188,75";"";"";3513850
"Dirce Reis";"2010";"486,14";"18,17";"4,92";3513850
"Divinolândia";"2000";"235,56";"";"";3513900
"Divinolândia";"2010";"576,46";"20,84";"5,97";3513900
"Dobrada";"2000";"218,95";"";"";3514007
"Dobrada";"2010";"549,79";"18,32";"4,53";3514007
"Dois Córregos";"2000";"338,24";"";"";3514106
"Dois Córregos";"2010";"616,58";"17,53";"4,51";3514106
"Dolcinópolis";"2000";"202,34";"";"";3514205
"Dolcinópolis";"2010";"560,96";"14,72";"2,92";3514205
"Dourado";"2000";"264,25";"";"";3514304
"Dourado";"2010";"621,72";"15,29";"5,14";3514304
"Dracena";"2000";"362,4";"";"";3514403
"Dracena";"2010";"747,92";"12,18";"2,99";3514403
"Duartina";"2000";"255,19";"";"";3514502
"Duartina";"2010";"605,48";"19,35";"4,97";3514502
"Dumont";"2000";"365,42";"";"";3514601
"Dumont";"2010";"600,51";"17,92";"6,5";3514601
"Echaporã";"2000";"231,03";"";"";3514700
"Echaporã";"2010";"579,22";"23,99";"5,82";3514700
"Eldorado";"2000";"172,14";"";"";3514809
"Eldorado";"2010";"373,5";"45,66";"20,18";3514809
"Elias Fausto";"2000";"235,56";"";"";3514908
"Elias Fausto";"2010";"527,37";"23,97";"8,76";3514908
"Elisiário";"2000";"200,83";"";"";3514924
"Elisiário";"2010";"618,39";"8,65";"2,01";3514924
"Embaúba";"2000";"157,04";"";"";3514957
"Embaúba";"2010";"683,03";"12,09";"2,74";3514957
"Embu das Artes";"2000";"244,62";"";"";3515004
"Embu das Artes";"2010";"474,17";"29,22";"11,77";3515004
"Embu-Guaçu";"2000";"294,45";"";"";3515103
"Embu-Guaçu";"2010";"516,15";"30,36";"12,35";3515103
"Emilianópolis";"2000";"359,38";"";"";3515129
"Emilianópolis";"2010";"559,19";"20,53";"4,03";3515129
"Engenheiro Coelho";"2000";"318,61";"";"";3515152
"Engenheiro Coelho";"2010";"616,17";"22,61";"7,52";3515152
"Espírito Santo do Pinhal";"2000";"348,81";"";"";3515186
"Espírito Santo do Pinhal";"2010";"741,6";"14,92";"4,28";3515186
"Espírito Santo do Turvo";"2000";"217,44";"";"";3515194
"Espírito Santo do Turvo";"2010";"476,15";"23,38";"6,55";3515194
"Estiva Gerbi";"2000";"246,13";"";"";3557303
"Estiva Gerbi";"2010";"581,02";"17,11";"4,11";3557303
"Estrela d'Oeste";"2000";"182,71";"";"";3515202
"Estrela d'Oeste";"2010";"695,99";"18,02";"6,65";3515202
"Estrela do Norte";"2000";"264,25";"";"";3515301
"Estrela do Norte";"2010";"566,78";"23,98";"5,71";3515301
"Euclides da Cunha Paulista";"2000";"135,9";"";"";3515350
"Euclides da Cunha Paulista";"2010";"400,5";"38,11";"14,45";3515350
"Fartura";"2000";"244,62";"";"";3515400
"Fartura";"2010";"555,54";"21,86";"6,02";3515400
"Fernando Prestes";"2000";"250,66";"";"";3515608
"Fernando Prestes";"2010";"726,55";"9,55";"1,46";3515608
"Fernandópolis";"2000";"366,93";"";"";3515509
"Fernandópolis";"2010";"768,74";"13,08";"3,65";3515509
"Fernão";"2000";"283,88";"";"";3515657
"Fernão";"2010";"454,68";"32,49";"10,12";3515657
"Ferraz de Vasconcelos";"2000";"220,46";"";"";3515707
"Ferraz de Vasconcelos";"2010";"460,59";"29,89";"11,46";3515707
"Flora Rica";"2000";"184,22";"";"";3515806
"Flora Rica";"2010";"480,05";"29,33";"10,9";3515806
"Floreal";"2000";"282,37";"";"";3515905
"Floreal";"2010";"677,82";"13,82";"2,86";3515905
"Flórida Paulista";"2000";"218,95";"";"";3516002
"Flórida Paulista";"2010";"501,49";"20,75";"7,16";3516002
"Florínia";"2000";"169,12";"";"";3516101
"Florínia";"2010";"474,05";"30,86";"13,79";3516101
"Franca";"2000";"359,38";"";"";3516200
"Franca";"2010";"716,39";"14,13";"4,23";3516200
"Francisco Morato";"2000";"176,67";"";"";3516309
"Francisco Morato";"2010";"396,07";"34,62";"14,13";3516309
"Franco da Rocha";"2000";"234,05";"";"";3516408
"Franco da Rocha";"2010";"479,44";"28,13";"12,08";3516408
"Gabriel Monteiro";"2000";"223,48";"";"";3516507
"Gabriel Monteiro";"2010";"631,37";"9,96";"2,54";3516507
"Gália";"2000";"235,56";"";"";3516606
"Gália";"2010";"526,55";"24,72";"5,38";3516606
"Garça";"2000";"305,02";"";"";3516705
"Garça";"2010";"644,36";"20,38";"6,52";3516705
"Gastão Vidigal";"2000";"267,27";"";"";3516804
"Gastão Vidigal";"2010";"623,15";"17,14";"4,06";3516804
"Gavião Peixoto";"2000";"206,87";"";"";3516853
"Gavião Peixoto";"2010";"577,11";"16,19";"4,65";3516853
"General Salgado";"2000";"259,72";"";"";3516903
"General Salgado";"2010";"685,51";"16,85";"5,01";3516903
"Getulina";"2000";"232,54";"";"";3517000
"Getulina";"2010";"482,7";"24,32";"8,47";3517000
"Glicério";"2000";"218,95";"";"";3517109
"Glicério";"2010";"607,26";"16,08";"2,95";3517109
"Guaimbê";"2000";"202,34";"";"";3517307
"Guaimbê";"2010";"470,88";"26,82";"6,5";3517307
"Guaíra";"2000";"305,02";"";"";3517406
"Guaíra";"2010";"652,5";"19";"7,24";3517406
"Guaiçara";"2000";"220,46";"";"";3517208
"Guaiçara";"2010";"551,66";"17,61";"4,36";3517208
"Guapiara";"2000";"170,63";"";"";3517604
"Guapiara";"2010";"307,49";"51,85";"24,14";3517604
"Guapiaçu";"2000";"333,71";"";"";3517505
"Guapiaçu";"2010";"618,66";"17,29";"5,95";3517505
"Guará";"2000";"247,64";"";"";3517703
"Guará";"2010";"544,41";"25,38";"8,6";3517703
"Guaraci";"2000";"232,54";"";"";3517901
"Guaraci";"2010";"557,33";"21,7";"5,73";3517901
"Guarani d'Oeste";"2000";"199,32";"";"";3518008
"Guarani d'Oeste";"2010";"497,96";"22,9";"7,25";3518008
"Guarantã";"2000";"205,36";"";"";3518107
"Guarantã";"2010";"511,51";"26,5";"7,91";3518107
"Guararapes";"2000";"277,84";"";"";3518206
"Guararapes";"2010";"645,78";"17,61";"4,69";3518206
"Guararema";"2000";"354,85";"";"";3518305
"Guararema";"2010";"621,85";"24,38";"8,21";3518305
"Guaratinguetá";"2000";"400,15";"";"";3518404
"Guaratinguetá";"2010";"800,48";"20,26";"6,59";3518404
"Guaraçaí";"2000";"250,66";"";"";3517802
"Guaraçaí";"2010";"551,94";"22,77";"7,04";3517802
"Guareí";"2000";"214,42";"";"";3518503
"Guareí";"2010";"405,79";"23,69";"5,78";3518503
"Guariba";"2000";"246,13";"";"";3518602
"Guariba";"2010";"579,21";"21,36";"6,43";3518602
"Guarujá";"2000";"308,04";"";"";3518701
"Guarujá";"2010";"602,13";"25,79";"10,18";3518701
"Guarulhos";"2000";"342,77";"";"";3518800
"Guarulhos";"2010";"633,33";"25,5";"10,8";3518800
"Guatapará";"2000";"229,52";"";"";3518859
"Guatapará";"2010";"541,49";"26,47";"11,07";3518859
"Guzolândia";"2000";"141,94";"";"";3518909
"Guzolândia";"2010";"461,32";"26,43";"6,96";3518909
"Herculândia";"2000";"193,28";"";"";3519006
"Herculândia";"2010";"459,46";"34,16";"13,53";3519006
"Holambra";"2000";"472,63";"";"";3519055
"Holambra";"2010";"1014,47";"7,19";"1,71";3519055
"Hortolândia";"2000";"259,72";"";"";3519071
"Hortolândia";"2010";"552,57";"21,03";"7,89";3519071
"Iacanga";"2000";"267,27";"";"";3519105
"Iacanga";"2010";"651,32";"16,26";"3,77";3519105
"Iacri";"2000";"209,89";"";"";3519204
"Iacri";"2010";"542,91";"23,44";"5,09";3519204
"Iaras";"2000";"160,06";"";"";3519253
"Iaras";"2010";"303,49";"40,7";"25,63";3519253
"Ibaté";"2000";"240,09";"";"";3519303
"Ibaté";"2010";"511,08";"21,28";"6,67";3519303
"Ibirá";"2000";"280,86";"";"";3519402
"Ibirá";"2010";"673,82";"15,17";"4,39";3519402
"Ibirarema";"2000";"297,47";"";"";3519501
"Ibirarema";"2010";"524,57";"24,91";"9,69";3519501
"Ibitinga";"2000";"329,18";"";"";3519600
"Ibitinga";"2010";"626,92";"15,91";"5,68";3519600
"Ibiúna";"2000";"231,03";"";"";3519709
"Ibiúna";"2010";"504,51";"30,31";"10,19";3519709
"Icém";"2000";"250,66";"";"";3519808
"Icém";"2010";"576";"21,17";"6,65";3519808
"Iepê";"2000";"220,46";"";"";3519907
"Iepê";"2010";"544,87";"24,45";"7,84";3519907
"Igarapava";"2000";"289,92";"";"";3520103
"Igarapava";"2010";"676,33";"16,95";"4,2";3520103
"Igaratá";"2000";"244,62";"";"";3520202
"Igaratá";"2010";"588,07";"27,27";"9,85";3520202
"Igaraçu do Tietê";"2000";"249,15";"";"";3520004
"Igaraçu do Tietê";"2010";"507,22";"21,22";"6,4";3520004
"Iguape";"2000";"241,6";"";"";3520301
"Iguape";"2010";"454,99";"38,67";"17,76";3520301
"Ilha Comprida";"2000";"330,69";"";"";3520426
"Ilha Comprida";"2010";"506,29";"31,17";"13,9";3520426
"Ilha Solteira";"2000";"388,07";"";"";3520442
"Ilha Solteira";"2010";"896,76";"11,8";"3,3";3520442
"Ilhabela";"2000";"338,24";"";"";3520400
"Ilhabela";"2010";"681,5";"19,11";"6,71";3520400
"Indaiatuba";"2000";"443,94";"";"";3520509
"Indaiatuba";"2010";"931,09";"10,29";"3,67";3520509
"Indiana";"2000";"262,74";"";"";3520608
"Indiana";"2010";"595,77";"16,76";"3,93";3520608
"Indiaporã";"2000";"229,52";"";"";3520707
"Indiaporã";"2010";"609,67";"20,03";"5,3";3520707
"Inúbia Paulista";"2000";"197,81";"";"";3520806
"Inúbia Paulista";"2010";"545,69";"17,04";"3,58";3520806
"Ipaussu";"2000";"246,13";"";"";3520905
"Ipaussu";"2010";"575,57";"22,74";"5,18";3520905
"Iperó";"2000";"220,46";"";"";3521002
"Iperó";"2010";"440,8";"27,92";"11,21";3521002
"Ipeúna";"2000";"333,71";"";"";3521101
"Ipeúna";"2010";"694,92";"15,34";"5,11";3521101
"Ipiguá";"2000";"249,15";"";"";3521150
"Ipiguá";"2010";"599,58";"17,74";"5,47";3521150
"Iporanga";"2000";"135,9";"";"";3521200
"Iporanga";"2010";"333";"49,27";"24,72";3521200
"Ipuã";"2000";"285,39";"";"";3521309
"Ipuã";"2010";"630,03";"24,07";"8,97";3521309
"Iracemápolis";"2000";"389,58";"";"";3521408
"Iracemápolis";"2010";"703,22";"13,55";"5,64";3521408
"Irapuã";"2000";"209,89";"";"";3521507
"Irapuã";"2010";"544,99";"17,16";"4,43";3521507
"Irapuru";"2000";"206,87";"";"";3521606
"Irapuru";"2010";"430,41";"25,28";"8,16";3521606
"Itaberá";"2000";"169,12";"";"";3521705
"Itaberá";"2010";"406,1";"41,24";"18,57";3521705
"Itaí";"2000";"196,3";"";"";3521804
"Itaí";"2010";"471,65";"28,95";"9,61";3521804
"Itajobi";"2000";"249,15";"";"";3521903
"Itajobi";"2010";"686,66";"12,57";"3,56";3521903
"Itaju";"2000";"228,01";"";"";3522000
"Itaju";"2010";"518,07";"18,7";"4,03";3522000
"Itanhaém";"2000";"283,88";"";"";3522109
"Itanhaém";"2010";"557,63";"28,23";"12,01";3522109
"Itaóca";"2000";"102,68";"";"";3522158
"Itaóca";"2010";"328,46";"48,44";"23,81";3522158
"Itapecerica da Serra";"2000";"276,33";"";"";3522208
"Itapecerica da Serra";"2010";"487,17";"29,98";"12,22";3522208
"Itapetininga";"2000";"324,65";"";"";3522307
"Itapetininga";"2010";"629,4";"21,92";"6,61";3522307
"Itapeva";"2000";"246,13";"";"";3522406
"Itapeva";"2010";"516,86";"33,61";"12,5";3522406
"Itapevi";"2000";"206,87";"";"";3522505
"Itapevi";"2010";"474,89";"31,11";"12,95";3522505
"Itapira";"2000";"356,36";"";"";3522604
"Itapira";"2010";"703,22";"14";"4,61";3522604
"Itapirapuã Paulista";"2000";"126,84";"";"";3522653
"Itapirapuã Paulista";"2010";"284,36";"56,33";"29,29";3522653
"Itápolis";"2000";"303,51";"";"";3522703
"Itápolis";"2010";"662,35";"15,23";"4,2";3522703
"Itaporanga";"2000";"176,67";"";"";3522802
"Itaporanga";"2010";"448,71";"38,62";"15,91";3522802
"Itapuí";"2000";"258,21";"";"";3522901
"Itapuí";"2010";"599,5";"15,97";"4,96";3522901
"Itapura";"2000";"132,88";"";"";3523008
"Itapura";"2010";"437,49";"31,53";"11,09";3523008
"Itaquaquecetuba";"2000";"193,28";"";"";3523107
"Itaquaquecetuba";"2010";"413,35";"36,12";"14,98";3523107
"Itararé";"2000";"224,99";"";"";3523206
"Itararé";"2010";"472,39";"35,29";"14,47";3523206
"Itariri";"2000";"244,62";"";"";3523305
"Itariri";"2010";"369,61";"44,69";"20,17";3523305
"Itatiba";"2000";"428,84";"";"";3523404
"Itatiba";"2010";"884";"11,72";"4,54";3523404
"Itatinga";"2000";"218,95";"";"";3523503
"Itatinga";"2010";"520,74";"23,56";"6,59";3523503
"Itirapina";"2000";"291,43";"";"";3523602
"Itirapina";"2010";"527,51";"17,15";"4,68";3523602
"Itirapuã";"2000";"232,54";"";"";3523701
"Itirapuã";"2010";"433,65";"35,03";"14,59";3523701
"Itobi";"2000";"226,5";"";"";3523800
"Itobi";"2010";"552,43";"19,95";"4,58";3523800
"Itu";"2000";"419,78";"";"";3523909
"Itu";"2010";"845,24";"14,25";"4,99";3523909
"Itupeva";"2000";"392,6";"";"";3524006
"Itupeva";"2010";"738,7";"15,29";"5,53";3524006
"Ituverava";"2000";"366,93";"";"";3524105
"Ituverava";"2010";"743,57";"17,07";"4,37";3524105
"Jaborandi";"2000";"193,28";"";"";3524204
"Jaborandi";"2010";"497,96";"23,67";"4,63";3524204
"Jaboticabal";"2000";"389,58";"";"";3524303
"Jaboticabal";"2010";"851,98";"14,01";"4,38";3524303
"Jacareí";"2000";"353,34";"";"";3524402
"Jacareí";"2010";"712,14";"19,25";"6,99";3524402
"Jaci";"2000";"259,72";"";"";3524501
"Jaci";"2010";"596,8";"14";"2,56";3524501
"Jacupiranga";"2000";"270,29";"";"";3524600
"Jacupiranga";"2010";"477,57";"33,6";"12,34";3524600
"Jaguariúna";"2000";"398,64";"";"";3524709
"Jaguariúna";"2010";"854,67";"12,56";"4,53";3524709
"Jales";"2000";"332,2";"";"";3524808
"Jales";"2010";"735,86";"14,84";"4,36";3524808
"Jambeiro";"2000";"265,76";"";"";3524907
"Jambeiro";"2010";"675,02";"19,11";"4,73";3524907
"Jandira";"2000";"291,43";"";"";3525003
"Jandira";"2010";"683,76";"20,41";"7,03";3525003
"Jardinópolis";"2000";"323,14";"";"";3525102
"Jardinópolis";"2010";"600,65";"21,11";"7,55";3525102
"Jarinu";"2000";"315,59";"";"";3525201
"Jarinu";"2010";"610,76";"21,35";"6,87";3525201
"Jaú";"2000";"400,15";"";"";3525300
"Jaú";"2010";"786,46";"11,41";"3,99";3525300
"Jeriquara";"2000";"218,95";"";"";3525409
"Jeriquara";"2010";"494,11";"26,7";"8,56";3525409
"Joanópolis";"2000";"282,37";"";"";3525508
"Joanópolis";"2010";"597,03";"20,32";"5,75";3525508
"João Ramalho";"2000";"206,87";"";"";3525607
"João Ramalho";"2010";"530,77";"21,15";"5,58";3525607
"José Bonifácio";"2000";"341,26";"";"";3525706
"José Bonifácio";"2010";"709,45";"12,19";"2,87";3525706
"Júlio Mesquita";"2000";"212,91";"";"";3525805
"Júlio Mesquita";"2010";"439,73";"30,59";"9,1";3525805
"Jumirim";"2000";"253,68";"";"";3525854
"Jumirim";"2010";"645,57";"13,22";"2,69";3525854
"Jundiaí";"2000";"548,13";"";"";3525904
"Jundiaí";"2010";"1121,82";"10,4";"4,12";3525904
"Junqueirópolis";"2000";"231,03";"";"";3526001
"Junqueirópolis";"2010";"605,36";"18,49";"5,81";3526001
"Juquiá";"2000";"229,52";"";"";3526100
"Juquiá";"2010";"408,12";"40,86";"17,09";3526100
"Juquitiba";"2000";"209,89";"";"";3526209
"Juquitiba";"2010";"404,53";"41,78";"19,54";3526209
"Lagoinha";"2000";"182,71";"";"";3526308
"Lagoinha";"2010";"469,11";"31,96";"8,6";3526308
"Laranjal Paulista";"2000";"354,85";"";"";3526407
"Laranjal Paulista";"2010";"665,4";"14,15";"4,82";3526407
"Lavínia";"2000";"228,01";"";"";3526506
"Lavínia";"2010";"321,08";"21,56";"6,31";3526506
"Lavrinhas";"2000";"188,75";"";"";3526605
"Lavrinhas";"2010";"430,21";"40,14";"16,39";3526605
"Leme";"2000";"317,1";"";"";3526704
"Leme";"2010";"616,2";"19,49";"5,64";3526704
"Lençóis Paulista";"2000";"348,81";"";"";3526803
"Lençóis Paulista";"2010";"708,66";"16,02";"5,26";3526803
"Limeira";"2000";"368,44";"";"";3526902
"Limeira";"2010";"767,62";"15,08";"5,15";3526902
"Lindóia";"2000";"353,34";"";"";3527009
"Lindóia";"2010";"660,23";"14,32";"2,88";3527009
"Lins";"2000";"419,78";"";"";3527108
"Lins";"2010";"796,51";"14,78";"5,26";3527108
"Lorena";"2000";"329,18";"";"";3527207
"Lorena";"2010";"680,6";"23,78";"8,86";3527207
"Lourdes";"2000";"178,18";"";"";3527256
"Lourdes";"2010";"524,86";"16,99";"5,37";3527256
"Louveira";"2000";"341,26";"";"";3527306
"Louveira";"2010";"803";"11,66";"4,02";3527306
"Lucélia";"2000";"247,64";"";"";3527405
"Lucélia";"2010";"570,48";"19,44";"5,73";3527405
"Lucianópolis";"2000";"164,59";"";"";3527504
"Lucianópolis";"2010";"631,62";"15,91";"2,92";3527504
"Luís Antônio";"2000";"294,45";"";"";3527603
"Luís Antônio";"2010";"555,94";"21,84";"6,49";3527603
"Luiziânia";"2000";"194,79";"";"";3527702
"Luiziânia";"2010";"501,57";"19,4";"4,38";3527702
"Lupércio";"2000";"178,18";"";"";3527801
"Lupércio";"2010";"480,87";"26,58";"7,53";3527801
"Lutécia";"2000";"212,91";"";"";3527900
"Lutécia";"2010";"500,95";"32,49";"12,04";3527900
"Macatuba";"2000";"240,09";"";"";3528007
"Macatuba";"2010";"651,73";"15,07";"3,53";3528007
"Macaubal";"2000";"271,8";"";"";3528106
"Macaubal";"2010";"626,9";"16,41";"3,68";3528106
"Macedônia";"2000";"184,22";"";"";3528205
"Macedônia";"2010";"564,31";"17,95";"3,31";3528205
"Magda";"2000";"258,21";"";"";3528304
"Magda";"2010";"663,76";"16,42";"4,21";3528304
"Mairinque";"2000";"289,92";"";"";3528403
"Mairinque";"2010";"594,45";"21,24";"7,84";3528403
"Mairiporã";"2000";"425,82";"";"";3528502
"Mairiporã";"2010";"738,89";"24,89";"8,62";3528502
"Manduri";"2000";"246,13";"";"";3528601
"Manduri";"2010";"576,61";"20,41";"5,71";3528601
"Marabá Paulista";"2000";"135,9";"";"";3528700
"Marabá Paulista";"2010";"322,39";"32,99";"10,05";3528700
"Maracaí";"2000";"231,03";"";"";3528809
"Maracaí";"2010";"595,29";"18,34";"5,33";3528809
"Marapoama";"2000";"196,3";"";"";3528858
"Marapoama";"2010";"691,07";"9,97";"3,58";3528858
"Mariápolis";"2000";"172,14";"";"";3528908
"Mariápolis";"2010";"494,23";"22,86";"8,85";3528908
"Marília";"2000";"418,27";"";"";3529005
"Marília";"2010";"794,23";"16,23";"5,33";3529005
"Marinópolis";"2000";"178,18";"";"";3529104
"Marinópolis";"2010";"498,79";"24,56";"4,97";3529104
"Martinópolis";"2000";"224,99";"";"";3529203
"Martinópolis";"2010";"513";"25,48";"8,65";3529203
"Matão";"2000";"315,59";"";"";3529302
"Matão";"2010";"679,92";"17,5";"6,82";3529302
"Mauá";"2000";"274,82";"";"";3529401
"Mauá";"2010";"583,61";"21,92";"8,17";3529401
"Mendonça";"2000";"292,94";"";"";3529500
"Mendonça";"2010";"639,82";"13,18";"4,05";3529500
"Meridiano";"2000";"185,73";"";"";3529609
"Meridiano";"2010";"588,98";"15,44";"4,69";3529609
"Mesópolis";"2000";"164,59";"";"";3529658
"Mesópolis";"2010";"497,85";"20,68";"5,4";3529658
"Miguelópolis";"2000";"274,82";"";"";3529708
"Miguelópolis";"2010";"559,99";"24,12";"7,42";3529708
"Mineiros do Tietê";"2000";"292,94";"";"";3529807
"Mineiros do Tietê";"2010";"585,77";"17,27";"5,74";3529807
"Mira Estrela";"2000";"182,71";"";"";3530003
"Mira Estrela";"2010";"549,29";"20,6";"6,03";3530003
"Miracatu";"2000";"208,38";"";"";3529906
"Miracatu";"2010";"376,89";"45,06";"19,44";3529906
"Mirandópolis";"2000";"255,19";"";"";3530102
"Mirandópolis";"2010";"578,83";"18,8";"6,76";3530102
"Mirante do Paranapanema";"2000";"194,79";"";"";3530201
"Mirante do Paranapanema";"2010";"456,44";"34,93";"14,1";3530201
"Mirassol";"2000";"333,71";"";"";3530300
"Mirassol";"2010";"752,16";"13,95";"4,76";3530300
"Mirassolândia";"2000";"163,08";"";"";3530409
"Mirassolândia";"2010";"525,22";"22,68";"8,47";3530409
"Mococa";"2000";"303,51";"";"";3530508
"Mococa";"2010";"630,79";"20,06";"6,34";3530508
"Mogi das Cruzes";"2000";"385,05";"";"";3530607
"Mogi das Cruzes";"2010";"757,93";"22,07";"8,9";3530607
"Mogi Guaçu";"2000";"353,34";"";"";3530706
"Mogi Guaçu";"2010";"677,48";"15,35";"4,95";3530706
"Mogi Mirim";"2000";"418,27";"";"";3530805
"Mogi Mirim";"2010";"827,06";"14,39";"5,1";3530805
"Mombuca";"2000";"280,86";"";"";3530904
"Mombuca";"2010";"576,39";"28,37";"12,22";3530904
"Mongaguá";"2000";"302";"";"";3531100
"Mongaguá";"2010";"542,11";"28";"12,25";3531100
"Monte Alegre do Sul";"2000";"341,26";"";"";3531209
"Monte Alegre do Sul";"2010";"792,58";"12,65";"3,32";3531209
"Monte Alto";"2000";"353,34";"";"";3531308
"Monte Alto";"2010";"724,58";"11,75";"3,1";3531308
"Monte Aprazível";"2000";"327,67";"";"";3531407
"Monte Aprazível";"2010";"784,97";"11,59";"3,07";3531407
"Monte Azul Paulista";"2000";"330,69";"";"";3531506
"Monte Azul Paulista";"2010";"706,89";"15,68";"3,64";3531506
"Monte Castelo";"2000";"217,44";"";"";3531605
"Monte Castelo";"2010";"560,39";"19,74";"5,96";3531605
"Monte Mor";"2000";"259,72";"";"";3531803
"Monte Mor";"2010";"548,32";"24,52";"8,83";3531803
"Monteiro Lobato";"2000";"265,76";"";"";3531704
"Monteiro Lobato";"2010";"547,76";"28,61";"9,29";3531704
"Monções";"2000";"208,38";"";"";3531001
"Monções";"2010";"622,13";"12,87";"3,64";3531001
"Morro Agudo";"2000";"288,41";"";"";3531902
"Morro Agudo";"2010";"567,18";"23,87";"8,48";3531902
"Morungaba";"2000";"347,3";"";"";3532009
"Morungaba";"2010";"667,29";"13,21";"4,38";3532009
"Motuca";"2000";"217,44";"";"";3532058
"Motuca";"2010";"485,74";"28,78";"15,42";3532058
"Murutinga do Sul";"2000";"232,54";"";"";3532108
"Murutinga do Sul";"2010";"564,99";"21,18";"5,64";3532108
"Nantes";"2000";"181,2";"";"";3532157
"Nantes";"2010";"459,69";"24,59";"4,96";3532157
"Narandiba";"2000";"169,12";"";"";3532207
"Narandiba";"2010";"446,21";"28,96";"8";3532207
"Natividade da Serra";"2000";"172,14";"";"";3532306
"Natividade da Serra";"2010";"415,31";"39,28";"16,54";3532306
"Nazaré Paulista";"2000";"212,91";"";"";3532405
"Nazaré Paulista";"2010";"489,58";"28,88";"10";3532405
"Neves Paulista";"2000";"318,61";"";"";3532504
"Neves Paulista";"2010";"711,76";"10,97";"2,22";3532504
"Nhandeara";"2000";"312,57";"";"";3532603
"Nhandeara";"2010";"738,49";"14,99";"4,74";3532603
"Nipoã";"2000";"215,93";"";"";3532702
"Nipoã";"2010";"579,12";"14,32";"2,94";3532702
"Nova Aliança";"2000";"267,27";"";"";3532801
"Nova Aliança";"2010";"621,14";"13,95";"3,48";3532801
"Nova Campina";"2000";"161,57";"";"";3532827
"Nova Campina";"2010";"280,5";"53,81";"21,67";3532827
"Nova Canaã Paulista";"2000";"158,55";"";"";3532843
"Nova Canaã Paulista";"2010";"504,56";"24,67";"8";3532843
"Nova Castilho";"2000";"131,37";"";"";3532868
"Nova Castilho";"2010";"595,52";"18,95";"4,21";3532868
"Nova Europa";"2000";"280,86";"";"";3532900
"Nova Europa";"2010";"602,91";"16,74";"4,81";3532900
"Nova Granada";"2000";"250,66";"";"";3533007
"Nova Granada";"2010";"630,89";"17,64";"4,96";3533007
"Nova Guataporanga";"2000";"160,06";"";"";3533106
"Nova Guataporanga";"2010";"545,99";"20,47";"6,69";3533106
"Nova Independência";"2000";"144,96";"";"";3533205
"Nova Independência";"2010";"547,25";"22,78";"6,91";3533205
"Nova Luzitânia";"2000";"224,99";"";"";3533304
"Nova Luzitânia";"2010";"600,79";"15,19";"3,66";3533304
"Nova Odessa";"2000";"341,26";"";"";3533403
"Nova Odessa";"2010";"733,41";"10,48";"3,67";3533403
"Novais";"2000";"152,51";"";"";3533254
"Novais";"2010";"568,17";"19,17";"3,92";3533254
"Novo Horizonte";"2000";"298,98";"";"";3533502
"Novo Horizonte";"2010";"705,62";"14,44";"4,31";3533502
"Nuporanga";"2000";"306,53";"";"";3533601
"Nuporanga";"2010";"665,49";"14,21";"4,53";3533601
"Ocauçu";"2000";"253,68";"";"";3533700
"Ocauçu";"2010";"497,26";"24,96";"5,91";3533700
"Óleo";"2000";"178,18";"";"";3533809
"Óleo";"2010";"538,23";"21,73";"6,26";3533809
"Olímpia";"2000";"351,83";"";"";3533908
"Olímpia";"2010";"708,25";"14,52";"4,17";3533908
"Onda Verde";"2000";"202,34";"";"";3534005
"Onda Verde";"2010";"542,38";"17,31";"4,1";3534005
"Oriente";"2000";"253,68";"";"";3534104
"Oriente";"2010";"618,32";"21,01";"6,55";3534104
"Orindiúva";"2000";"297,47";"";"";3534203
"Orindiúva";"2010";"642,18";"13,14";"3,41";3534203
"Orlândia";"2000";"342,77";"";"";3534302
"Orlândia";"2010";"758,9";"13,68";"3,39";3534302
"Osasco";"2000";"391,09";"";"";3534401
"Osasco";"2010";"757,55";"20,47";"8,54";3534401
"Oscar Bressane";"2000";"273,31";"";"";3534500
"Oscar Bressane";"2010";"569,22";"22,11";"5,84";3534500
"Osvaldo Cruz";"2000";"320,12";"";"";3534609
"Osvaldo Cruz";"2010";"651,44";"16,67";"4,57";3534609
"Ourinhos";"2000";"338,24";"";"";3534708
"Ourinhos";"2010";"724,4";"17,61";"5,34";3534708
"Ouro Verde";"2000";"135,9";"";"";3534807
"Ouro Verde";"2010";"441,08";"29,45";"10,05";3534807
"Ouroeste";"2000";"250,66";"";"";3534757
"Ouroeste";"2010";"640,64";"17,58";"5,63";3534757
"Pacaembu";"2000";"226,5";"";"";3534906
"Pacaembu";"2010";"490,16";"21,72";"6,54";3534906
"Palestina";"2000";"237,07";"";"";3535002
"Palestina";"2010";"619,45";"16,21";"4,56";3535002
"Palmares Paulista";"2000";"212,91";"";"";3535101
"Palmares Paulista";"2010";"552,22";"15,46";"3,14";3535101
"Palmeira d'Oeste";"2000";"237,07";"";"";3535200
"Palmeira d'Oeste";"2010";"601,55";"17,51";"4,42";3535200
"Palmital";"2000";"398,64";"";"";3535309
"Palmital";"2010";"608,27";"21,51";"7,19";3535309
"Panorama";"2000";"291,43";"";"";3535408
"Panorama";"2010";"558,08";"21,75";"5,33";3535408
"Paraguaçu Paulista";"2000";"270,29";"";"";3535507
"Paraguaçu Paulista";"2010";"577,9";"22,1";"6,67";3535507
"Paraibuna";"2000";"246,13";"";"";3535606
"Paraibuna";"2010";"558,87";"28,07";"9,58";3535606
"Paraíso";"2000";"234,05";"";"";3535705
"Paraíso";"2010";"743,63";"11,63";"2,47";3535705
"Paranapanema";"2000";"258,21";"";"";3535804
"Paranapanema";"2010";"524,96";"26,47";"7,94";3535804
"Paranapuã";"2000";"237,07";"";"";3535903
"Paranapuã";"2010";"554,43";"19,43";"4,55";3535903
"Parapuã";"2000";"368,44";"";"";3536000
"Parapuã";"2010";"535,59";"23,65";"7,59";3536000
"Pardinho";"2000";"250,66";"";"";3536109
"Pardinho";"2010";"585,38";"17,97";"5,33";3536109
"Pariquera-Açu";"2000";"237,07";"";"";3536208
"Pariquera-Açu";"2010";"501,4";"31,81";"11,61";3536208
"Parisi";"2000";"190,26";"";"";3536257
"Parisi";"2010";"460,04";"11,6";"2,56";3536257
"Patrocínio Paulista";"2000";"268,78";"";"";3536307
"Patrocínio Paulista";"2010";"548,69";"21,84";"6,49";3536307
"Paulicéia";"2000";"223,48";"";"";3536406
"Paulicéia";"2010";"521,81";"22,93";"6,11";3536406
"Paulínia";"2000";"502,83";"";"";3536505
"Paulínia";"2010";"974,57";"12,78";"4,97";3536505
"Paulistânia";"2000";"246,13";"";"";3536570
"Paulistânia";"2010";"489,85";"27,04";"6,72";3536570
"Paulo de Faria";"2000";"264,25";"";"";3536604
"Paulo de Faria";"2010";"565,41";"23,68";"8,18";3536604
"Pederneiras";"2000";"262,74";"";"";3536703
"Pederneiras";"2010";"629,78";"19,68";"6,35";3536703
"Pedra Bela";"2000";"190,26";"";"";3536802
"Pedra Bela";"2010";"470,7";"25,92";"7,29";3536802
"Pedranópolis";"2000";"173,65";"";"";3536901
"Pedranópolis";"2010";"554,39";"17,05";"4,2";3536901
"Pedregulho";"2000";"234,05";"";"";3537008
"Pedregulho";"2010";"570,27";"21,25";"5,12";3537008
"Pedreira";"2000";"363,91";"";"";3537107
"Pedreira";"2010";"687,97";"10,61";"3,01";3537107
"Pedrinhas Paulista";"2000";"345,79";"";"";3537156
"Pedrinhas Paulista";"2010";"660,93";"20,98";"4,33";3537156
"Pedro de Toledo";"2000";"223,48";"";"";3537206
"Pedro de Toledo";"2010";"420,4";"37,21";"14,06";3537206
"Penápolis";"2000";"360,89";"";"";3537305
"Penápolis";"2010";"705,28";"16,51";"5,38";3537305
"Pereira Barreto";"2000";"256,7";"";"";3537404
"Pereira Barreto";"2010";"603,58";"22,22";"7,75";3537404
"Pereiras";"2000";"288,41";"";"";3537503
"Pereiras";"2010";"600,17";"19,66";"5,41";3537503
"Peruíbe";"2000";"312,57";"";"";3537602
"Peruíbe";"2010";"589,26";"29,37";"12,54";3537602
"Piacatu";"2000";"220,46";"";"";3537701
"Piacatu";"2010";"508,37";"20,58";"6,42";3537701
"Piedade";"2000";"282,37";"";"";3537800
"Piedade";"2010";"488,26";"28,79";"9,78";3537800
"Pilar do Sul";"2000";"317,1";"";"";3537909
"Pilar do Sul";"2010";"465,21";"32,14";"10,62";3537909
"Pindamonhangaba";"2000";"330,69";"";"";3538006
"Pindamonhangaba";"2010";"683,99";"21,78";"7,28";3538006
"Pindorama";"2000";"261,23";"";"";3538105
"Pindorama";"2010";"672,47";"12,6";"3,28";3538105
"Pinhalzinho";"2000";"262,74";"";"";3538204
"Pinhalzinho";"2010";"565,9";"20,23";"5,39";3538204
"Piquerobi";"2000";"208,38";"";"";3538303
"Piquerobi";"2010";"478,97";"28,79";"7,57";3538303
"Piquete";"2000";"288,41";"";"";3538501
"Piquete";"2010";"595,08";"26,83";"8,97";3538501
"Piracaia";"2000";"294,45";"";"";3538600
"Piracaia";"2010";"604,33";"22,07";"7,86";3538600
"Piracicaba";"2000";"454,51";"";"";3538709
"Piracicaba";"2010";"912,22";"13,58";"5,4";3538709
"Piraju";"2000";"333,71";"";"";3538808
"Piraju";"2010";"655,17";"18,46";"4,62";3538808
"Pirajuí";"2000";"249,15";"";"";3538907
"Pirajuí";"2010";"570,01";"22,08";"8,13";3538907
"Pirangi";"2000";"262,74";"";"";3539004
"Pirangi";"2010";"740,23";"10,42";"2,48";3539004
"Pirapora do Bom Jesus";"2000";"237,07";"";"";3539103
"Pirapora do Bom Jesus";"2010";"443,73";"33,95";"13,67";3539103
"Pirapozinho";"2000";"292,94";"";"";3539202
"Pirapozinho";"2010";"597,43";"21,83";"6,14";3539202
"Pirassununga";"2000";"401,66";"";"";3539301
"Pirassununga";"2010";"874,26";"13,1";"3,91";3539301
"Piratininga";"2000";"345,79";"";"";3539400
"Piratininga";"2010";"768,8";"15,4";"4,73";3539400
"Pitangueiras";"2000";"243,11";"";"";3539509
"Pitangueiras";"2010";"557,25";"22,49";"8,32";3539509
"Planalto";"2000";"283,88";"";"";3539608
"Planalto";"2010";"534,54";"20,13";"4,98";3539608
"Platina";"2000";"185,73";"";"";3539707
"Platina";"2010";"472,07";"29,34";"8,72";3539707
"Poá";"2000";"302";"";"";3539806
"Poá";"2010";"569,23";"24,26";"9,59";3539806
"Poloni";"2000";"308,04";"";"";3539905
"Poloni";"2010";"714,21";"10,48";"1,44";3539905
"Pompéia";"2000";"314,08";"";"";3540002
"Pompéia";"2010";"717,26";"19,23";"6,68";3540002
"Pongaí";"2000";"305,02";"";"";3540101
"Pongaí";"2010";"594,12";"20,55";"5,85";3540101
"Pontal";"2000";"356,36";"";"";3540200
"Pontal";"2010";"566,34";"21,6";"8,17";3540200
"Pontalinda";"2000";"132,88";"";"";3540259
"Pontalinda";"2010";"482,85";"22,26";"6,31";3540259
"Pontes Gestal";"2000";"190,26";"";"";3540309
"Pontes Gestal";"2010";"613,95";"16,21";"3,31";3540309
"Populina";"2000";"190,26";"";"";3540408
"Populina";"2010";"548,45";"20,01";"3,86";3540408
"Porangaba";"2000";"234,05";"";"";3540507
"Porangaba";"2010";"550,88";"30,87";"12,8";3540507
"Porto Feliz";"2000";"289,92";"";"";3540606
"Porto Feliz";"2010";"650,62";"17,72";"5,53";3540606
"Porto Ferreira";"2000";"338,24";"";"";3540705
"Porto Ferreira";"2010";"651,87";"17,59";"5,94";3540705
"Potim";"2000";"182,71";"";"";3540754
"Potim";"2010";"355,02";"31,49";"9,29";3540754
"Potirendaba";"2000";"302";"";"";3540804
"Potirendaba";"2010";"707,62";"12,85";"3,53";3540804
"Pracinha";"2000";"122,31";"";"";3540853
"Pracinha";"2010";"229,79";"30,97";"9,07";3540853
"Pradópolis";"2000";"279,35";"";"";3540903
"Pradópolis";"2010";"648,98";"16,97";"6,53";3540903
"Praia Grande";"2000";"377,5";"";"";3541000
"Praia Grande";"2010";"663,09";"21,5";"8,5";3541000
"Pratânia";"2000";"294,45";"";"";3541059
"Pratânia";"2010";"520,96";"19,51";"3,35";3541059
"Presidente Alves";"2000";"228,01";"";"";3541109
"Presidente Alves";"2010";"560,51";"26,61";"10,45";3541109
"Presidente Bernardes";"2000";"241,6";"";"";3541208
"Presidente Bernardes";"2010";"623,02";"21,11";"6,55";3541208
"Presidente Epitácio";"2000";"292,94";"";"";3541307
"Presidente Epitácio";"2010";"569,62";"25,97";"8,76";3541307
"Presidente Prudente";"2000";"478,67";"";"";3541406
"Presidente Prudente";"2010";"881,16";"14,63";"4,62";3541406
"Presidente Venceslau";"2000";"351,83";"";"";3541505
"Presidente Venceslau";"2010";"711,5";"18,91";"5,88";3541505
"Promissão";"2000";"264,25";"";"";3541604
"Promissão";"2010";"601,82";"20,84";"7,34";3541604
"Quadra";"2000";"187,24";"";"";3541653
"Quadra";"2010";"581,6";"24,49";"8,2";3541653
"Quatá";"2000";"267,27";"";"";3541703
"Quatá";"2010";"585,28";"20,06";"5,93";3541703
"Queiroz";"2000";"132,88";"";"";3541802
"Queiroz";"2010";"459,36";"26,93";"9,32";3541802
"Queluz";"2000";"228,01";"";"";3541901
"Queluz";"2010";"471,53";"32,54";"11,52";3541901
"Quintana";"2000";"215,93";"";"";3542008
"Quintana";"2010";"512,96";"24,86";"8,12";3542008
"Rafard";"2000";"294,45";"";"";3542107
"Rafard";"2010";"593,33";"17,99";"6,7";3542107
"Rancharia";"2000";"261,23";"";"";3542206
"Rancharia";"2010";"598,42";"22,11";"6,33";3542206
"Redenção da Serra";"2000";"166,1";"";"";3542305
"Redenção da Serra";"2010";"392,3";"40,62";"16,28";3542305
"Regente Feijó";"2000";"295,96";"";"";3542404
"Regente Feijó";"2010";"642,12";"17,03";"4,75";3542404
"Reginópolis";"2000";"265,76";"";"";3542503
"Reginópolis";"2010";"439,88";"19,99";"6,74";3542503
"Registro";"2000";"289,92";"";"";3542602
"Registro";"2010";"579,64";"30,21";"11,7";3542602
"Restinga";"2000";"182,71";"";"";3542701
"Restinga";"2010";"446,72";"28,48";"9,53";3542701
"Ribeira";"2000";"134,39";"";"";3542800
"Ribeira";"2010";"367,88";"43,02";"17,08";3542800
"Ribeirão Bonito";"2000";"270,29";"";"";3542909
"Ribeirão Bonito";"2010";"590,72";"19,72";"4,51";3542909
"Ribeirão Branco";"2000";"120,8";"";"";3543006
"Ribeirão Branco";"2010";"286,52";"55,33";"24,65";3543006
"Ribeirão Corrente";"2000";"187,24";"";"";3543105
"Ribeirão Corrente";"2010";"518,14";"23,31";"6,08";3543105
"Ribeirão do Sul";"2000";"197,81";"";"";3543204
"Ribeirão do Sul";"2010";"600,6";"22,57";"5,26";3543204
"Ribeirão dos Índios";"2000";"144,96";"";"";3543238
"Ribeirão dos Índios";"2010";"445,68";"25,67";"6,32";3543238
"Ribeirão Grande";"2000";"167,61";"";"";3543253
"Ribeirão Grande";"2010";"372,03";"40,34";"15,53";3543253
"Ribeirão Pires";"2000";"360,89";"";"";3543303
"Ribeirão Pires";"2010";"726,35";"19,5";"8,66";3543303
"Ribeirão Preto";"2000";"539,07";"";"";3543402
"Ribeirão Preto";"2010";"1052,76";"11,75";"4,55";3543402
"Rifaina";"2000";"232,54";"";"";3543600
"Rifaina";"2010";"598,17";"21,44";"5,82";3543600
"Rincão";"2000";"220,46";"";"";3543709
"Rincão";"2010";"550,16";"23,18";"6,93";3543709
"Rinópolis";"2000";"231,03";"";"";3543808
"Rinópolis";"2010";"539,38";"22,55";"6,79";3543808
"Rio Claro";"2000";"468,1";"";"";3543907
"Rio Claro";"2010";"840,39";"12,87";"4,81";3543907
"Rio das Pedras";"2000";"298,98";"";"";3544004
"Rio das Pedras";"2010";"674,87";"14,73";"4,28";3544004
"Rio Grande da Serra";"2000";"196,3";"";"";3544103
"Rio Grande da Serra";"2010";"487,07";"26,82";"10,28";3544103
"Riolândia";"2000";"226,5";"";"";3544202
"Riolândia";"2010";"451,53";"25,45";"5,98";3544202
"Riversul";"2000";"137,41";"";"";3543501
"Riversul";"2010";"366,24";"45,04";"22,21";3543501
"Rosana";"2000";"295,96";"";"";3544251
"Rosana";"2010";"593,11";"30,12";"12,72";3544251
"Roseira";"2000";"208,38";"";"";3544301
"Roseira";"2010";"544,65";"25,83";"7,65";3544301
"Rubiácea";"2000";"221,97";"";"";3544400
"Rubiácea";"2010";"564,45";"16,28";"4,85";3544400
"Rubinéia";"2000";"250,66";"";"";3544509
"Rubinéia";"2010";"551,71";"22,7";"8,88";3544509
"Sabino";"2000";"271,8";"";"";3544608
"Sabino";"2010";"592,76";"18,31";"5,2";3544608
"Sagres";"2000";"137,41";"";"";3544707
"Sagres";"2010";"497,02";"23,94";"5,53";3544707
"Sales";"2000";"246,13";"";"";3544806
"Sales";"2010";"588,93";"18,91";"4,96";3544806
"Sales Oliveira";"2000";"317,1";"";"";3544905
"Sales Oliveira";"2010";"683,68";"12,64";"2,56";3544905
"Salesópolis";"2000";"259,72";"";"";3545001
"Salesópolis";"2010";"511,46";"27,49";"8,61";3545001
"Salmourão";"2000";"172,14";"";"";3545100
"Salmourão";"2010";"449,61";"26,4";"9,88";3545100
"Saltinho";"2000";"427,33";"";"";3545159
"Saltinho";"2010";"824,83";"7,57";"1,34";3545159
"Salto";"2000";"342,77";"";"";3545209
"Salto";"2010";"753,69";"12,62";"3,91";3545209
"Salto de Pirapora";"2000";"229,52";"";"";3545308
"Salto de Pirapora";"2010";"533,06";"22,28";"6,84";3545308
"Salto Grande";"2000";"241,6";"";"";3545407
"Salto Grande";"2010";"474,21";"29,93";"10,54";3545407
"Sandovalina";"2000";"187,24";"";"";3545506
"Sandovalina";"2010";"423,45";"30,05";"10,45";3545506
"Santa Adélia";"2000";"283,88";"";"";3545605
"Santa Adélia";"2010";"705,58";"12,69";"2,87";3545605
"Santa Albertina";"2000";"318,61";"";"";3545704
"Santa Albertina";"2010";"624,47";"16,95";"3,64";3545704
"Santa Bárbara d'Oeste";"2000";"324,65";"";"";3545803
"Santa Bárbara d'Oeste";"2010";"730,23";"11,01";"3,56";3545803
"Santa Branca";"2000";"268,78";"";"";3546009
"Santa Branca";"2010";"591,21";"22,83";"6,9";3546009
"Santa Clara d'Oeste";"2000";"196,3";"";"";3546108
"Santa Clara d'Oeste";"2010";"586,72";"15,08";"2,49";3546108
"Santa Cruz da Conceição";"2000";"348,81";"";"";3546207
"Santa Cruz da Conceição";"2010";"893,78";"12,64";"3,07";3546207
"Santa Cruz da Esperança";"2000";"265,76";"";"";3546256
"Santa Cruz da Esperança";"2010";"557,35";"26";"9,11";3546256
"Santa Cruz das Palmeiras";"2000";"288,41";"";"";3546306
"Santa Cruz das Palmeiras";"2010";"594,72";"20,02";"6,57";3546306
"Santa Cruz do Rio Pardo";"2000";"345,79";"";"";3546405
"Santa Cruz do Rio Pardo";"2010";"711,61";"14,91";"3,95";3546405
"Santa Ernestina";"2000";"240,09";"";"";3546504
"Santa Ernestina";"2010";"581,3";"16,5";"4,23";3546504
"Santa Fé do Sul";"2000";"360,89";"";"";3546603
"Santa Fé do Sul";"2010";"745,67";"12,67";"3,31";3546603
"Santa Gertrudes";"2000";"285,39";"";"";3546702
"Santa Gertrudes";"2010";"604,6";"14,48";"5,22";3546702
"Santa Isabel";"2000";"271,8";"";"";3546801
"Santa Isabel";"2010";"543,5";"27,33";"9,93";3546801
"Santa Lúcia";"2000";"208,38";"";"";3546900
"Santa Lúcia";"2010";"555,76";"18,71";"4,73";3546900
"Santa Maria da Serra";"2000";"243,11";"";"";3547007
"Santa Maria da Serra";"2010";"460,87";"29,18";"12,03";3547007
"Santa Mercedes";"2000";"175,16";"";"";3547106
"Santa Mercedes";"2010";"505,59";"24,25";"7,05";3547106
"Santa Rita d'Oeste";"2000";"466,59";"";"";3547403
"Santa Rita d'Oeste";"2010";"573,16";"15,59";"4,06";3547403
"Santa Rita do Passa Quatro";"2000";"178,18";"";"";3547502
"Santa Rita do Passa Quatro";"2010";"765,12";"12,82";"3,05";3547502
"Santa Rosa de Viterbo";"2000";"298,98";"";"";3547601
"Santa Rosa de Viterbo";"2010";"646,64";"19,82";"5,65";3547601
"Santa Salete";"2000";"203,85";"";"";3547650
"Santa Salete";"2010";"597,11";"7,69";"0,88";3547650
"Santana da Ponte Pensa";"2000";"250,66";"";"";3547205
"Santana da Ponte Pensa";"2010";"747,3";"12,1";"1,85";3547205
"Santana de Parnaíba";"2000";"759,53";"";"";3547304
"Santana de Parnaíba";"2010";"1507,66";"21,36";"8,8";3547304
"Santo Anastácio";"2000";"259,72";"";"";3547700
"Santo Anastácio";"2010";"589,95";"24,13";"8,78";3547700
"Santo André";"2000";"511,89";"";"";3547809
"Santo André";"2010";"1021,51";"13,72";"5,52";3547809
"Santo Antônio da Alegria";"2000";"270,29";"";"";3547908
"Santo Antônio da Alegria";"2010";"520,37";"25,02";"5,97";3547908
"Santo Antônio de Posse";"2000";"318,61";"";"";3548005
"Santo Antônio de Posse";"2010";"588,32";"19,74";"5,6";3548005
"Santo Antônio do Aracanguá";"2000";"199,32";"";"";3548054
"Santo Antônio do Aracanguá";"2010";"558,83";"18,35";"5,58";3548054
"Santo Antônio do Jardim";"2000";"240,09";"";"";3548104
"Santo Antônio do Jardim";"2010";"565,74";"16,55";"4,45";3548104
"Santo Antônio do Pinhal";"2000";"286,9";"";"";3548203
"Santo Antônio do Pinhal";"2010";"593,67";"27,36";"8";3548203
"Santo Expedito";"2000";"203,85";"";"";3548302
"Santo Expedito";"2010";"484,96";"25,82";"9,06";3548302
"Santópolis do Aguapeí";"2000";"166,1";"";"";3548401
"Santópolis do Aguapeí";"2010";"490,65";"21,15";"5,29";3548401
"Santos";"2000";"724,8";"";"";3548500
"Santos";"2010";"1364,92";"9,31";"4,23";3548500
"São Bento do Sapucaí";"2000";"231,03";"";"";3548609
"São Bento do Sapucaí";"2010";"525,47";"31,38";"9,89";3548609
"São Bernardo do Campo";"2000";"504,34";"";"";3548708
"São Bernardo do Campo";"2010";"944,67";"16,77";"7,15";3548708
"São Caetano do Sul";"2000";"827,48";"";"";3548807
"São Caetano do Sul";"2010";"1578,74";"6,42";"2,83";3548807
"São Carlos";"2000";"456,02";"";"";3548906
"São Carlos";"2010";"923,62";"11,71";"3,77";3548906
"São Francisco";"2000";"193,28";"";"";3549003
"São Francisco";"2010";"442,8";"21,76";"4,63";3549003
"São João da Boa Vista";"2000";"407,7";"";"";3549102
"São João da Boa Vista";"2010";"823,48";"12,58";"3,31";3549102
"São João das Duas Pontes";"2000";"247,64";"";"";3549201
"São João das Duas Pontes";"2010";"483,18";"19,95";"3,99";3549201
"São João de Iracema";"2000";"298,98";"";"";3549250
"São João de Iracema";"2010";"533,45";"17,26";"3,89";3549250
"São João do Pau d'Alho";"2000";"172,14";"";"";3549300
"São João do Pau d'Alho";"2010";"590,31";"10,97";"2,02";3549300
"São Joaquim da Barra";"2000";"336,73";"";"";3549409
"São Joaquim da Barra";"2010";"722,9";"13,07";"3,57";3549409
"São José da Bela Vista";"2000";"194,79";"";"";3549508
"São José da Bela Vista";"2010";"510,93";"30,17";"9,94";3549508
"São José do Barreiro";"2000";"252,17";"";"";3549607
"São José do Barreiro";"2010";"454,64";"38,88";"15,57";3549607
"São José do Rio Pardo";"2000";"336,73";"";"";3549706
"São José do Rio Pardo";"2010";"680,16";"17,71";"4,6";3549706
"São José do Rio Preto";"2000";"510,38";"";"";3549805
"São José do Rio Preto";"2010";"978,49";"11,46";"4,55";3549805
"São José dos Campos";"2000";"469,61";"";"";3549904
"São José dos Campos";"2010";"955,77";"15,59";"5,77";3549904
"São Lourenço da Serra";"2000";"240,09";"";"";3549953
"São Lourenço da Serra";"2010";"507,98";"29,79";"12,59";3549953
"São Luís do Paraitinga";"2000";"237,07";"";"";3550001
"São Luís do Paraitinga";"2010";"479,18";"32,31";"10,02";3550001
"São Manuel";"2000";"302";"";"";3550100
"São Manuel";"2010";"641,13";"17,36";"4,93";3550100
"São Miguel Arcanjo";"2000";"224,99";"";"";3550209
"São Miguel Arcanjo";"2010";"447,67";"36,97";"13,14";3550209
"São Paulo";"2000";"608,53";"";"";3550308
"São Paulo";"2010";"1126,97";"18,73";"8,55";3550308
"São Pedro";"2000";"351,83";"";"";3550407
"São Pedro";"2010";"689,97";"17,13";"6,19";3550407
"São Pedro do Turvo";"2000";"179,69";"";"";3550506
"São Pedro do Turvo";"2010";"467,68";"27,44";"6,67";3550506
"São Roque";"2000";"424,31";"";"";3550605
"São Roque";"2010";"778,3";"17,42";"6,33";3550605
"São Sebastião";"2000";"359,38";"";"";3550704
"São Sebastião";"2010";"697,24";"20,05";"6,85";3550704
"São Sebastião da Grama";"2000";"244,62";"";"";3550803
"São Sebastião da Grama";"2010";"557,78";"23,97";"5,81";3550803
"São Simão";"2000";"312,57";"";"";3550902
"São Simão";"2010";"653,91";"17,95";"5,78";3550902
"São Vicente";"2000";"329,18";"";"";3551009
"São Vicente";"2010";"661,48";"20,45";"7,86";3551009
"Sarapuí";"2000";"279,35";"";"";3551108
"Sarapuí";"2010";"525,38";"30,19";"10,23";3551108
"Sarutaiá";"2000";"152,51";"";"";3551207
"Sarutaiá";"2010";"436,85";"29,13";"7,7";3551207
"Sebastianópolis do Sul";"2000";"206,87";"";"";3551306
"Sebastianópolis do Sul";"2010";"706,16";"9,29";"2,27";3551306
"Serra Azul";"2000";"217,44";"";"";3551405
"Serra Azul";"2010";"421,83";"25,35";"9,79";3551405
"Serra Negra";"2000";"465,08";"";"";3551603
"Serra Negra";"2010";"799,57";"13,48";"3,82";3551603
"Serrana";"2000";"237,07";"";"";3551504
"Serrana";"2010";"571,8";"18,65";"5,85";3551504
"Sertãozinho";"2000";"397,13";"";"";3551702
"Sertãozinho";"2010";"779,98";"15,66";"6,18";3551702
"Sete Barras";"2000";"154,02";"";"";3551801
"Sete Barras";"2010";"383,28";"45,46";"21,04";3551801
"Severínia";"2000";"215,93";"";"";3551900
"Severínia";"2010";"538,52";"18,77";"4,13";3551900
"Silveiras";"2000";"217,44";"";"";3552007
"Silveiras";"2010";"448,24";"36,24";"12,3";3552007
"Socorro";"2000";"320,12";"";"";3552106
"Socorro";"2010";"660,37";"15,77";"4,72";3552106
"Sorocaba";"2000";"445,45";"";"";3552205
"Sorocaba";"2010";"874,7";"14,71";"5,24";3552205
"Sud Mennucci";"2000";"256,7";"";"";3552304
"Sud Mennucci";"2010";"623,29";"18,05";"4,67";3552304
"Sumaré";"2000";"291,43";"";"";3552403
"Sumaré";"2010";"668,49";"18,17";"6,93";3552403
"Suzanápolis";"2000";"184,22";"";"";3552551
"Suzanápolis";"2010";"454,4";"28,88";"10,6";3552551
"Suzano";"2000";"289,92";"";"";3552502
"Suzano";"2010";"552,44";"28,42";"10,83";3552502
"Tabapuã";"2000";"247,64";"";"";3552601
"Tabapuã";"2010";"658,52";"11,24";"2,32";3552601
"Tabatinga";"2000";"261,23";"";"";3552700
"Tabatinga";"2010";"575,37";"16,64";"4,08";3552700
"Taboão da Serra";"2000";"356,36";"";"";3552809
"Taboão da Serra";"2010";"664,47";"21,28";"8,3";3552809
"Taciba";"2000";"218,95";"";"";3552908
"Taciba";"2010";"522,47";"22,8";"6,05";3552908
"Taguaí";"2000";"221,97";"";"";3553005
"Taguaí";"2010";"516,23";"18,19";"4,26";3553005
"Taiaçu";"2000";"238,58";"";"";3553104
"Taiaçu";"2010";"544,6";"20,29";"5,46";3553104
"Taiúva";"2000";"318,61";"";"";3553203
"Taiúva";"2010";"718,29";"11,93";"1,91";3553203
"Tambaú";"2000";"255,19";"";"";3553302
"Tambaú";"2010";"616,56";"16,78";"3,76";3553302
"Tanabi";"2000";"297,47";"";"";3553401
"Tanabi";"2010";"677,09";"14,8";"3,6";3553401
"Tapiraí";"2000";"217,44";"";"";3553500
"Tapiraí";"2010";"408,83";"37,19";"13,3";3553500
"Tapiratiba";"2000";"274,82";"";"";3553609
"Tapiratiba";"2010";"550,63";"20,69";"5,19";3553609
"Taquaral";"2000";"217,44";"";"";3553658
"Taquaral";"2010";"582,81";"18,5";"4,93";3553658
"Taquaritinga";"2000";"295,96";"";"";3553708
"Taquaritinga";"2010";"644,58";"18,22";"5,02";3553708
"Taquarituba";"2000";"238,58";"";"";3553807
"Taquarituba";"2010";"502,48";"30,26";"10,08";3553807
"Taquarivaí";"2000";"170,63";"";"";3553856
"Taquarivaí";"2010";"332,69";"47,13";"15,69";3553856
"Tarabai";"2000";"160,06";"";"";3553906
"Tarabai";"2010";"454,06";"28,66";"8,07";3553906
"Tarumã";"2000";"238,58";"";"";3553955
"Tarumã";"2010";"572,15";"20,56";"6,37";3553955
"Tatuí";"2000";"332,2";"";"";3554003
"Tatuí";"2010";"673,96";"17,85";"6,26";3554003
"Taubaté";"2000";"459,04";"";"";3554102
"Taubaté";"2010";"846,33";"16,08";"5,71";3554102
"Tejupá";"2000";"178,18";"";"";3554201
"Tejupá";"2010";"403,23";"36,35";"10,27";3554201
"Teodoro Sampaio";"2000";"253,68";"";"";3554300
"Teodoro Sampaio";"2010";"501,99";"29,42";"11,21";3554300
"Terra Roxa";"2000";"205,36";"";"";3554409
"Terra Roxa";"2010";"598,58";"15,43";"3,33";3554409
"Tietê";"2000";"427,33";"";"";3554508
"Tietê";"2010";"783,04";"12,79";"3,92";3554508
"Timburi";"2000";"199,32";"";"";3554607
"Timburi";"2010";"483,54";"28,62";"9,35";3554607
"Torre de Pedra";"2000";"163,08";"";"";3554656
"Torre de Pedra";"2010";"497,97";"24,81";"9,03";3554656
"Torrinha";"2000";"298,98";"";"";3554706
"Torrinha";"2010";"662,73";"14,17";"3,3";3554706
"Trabiju";"2000";"199,32";"";"";3554755
"Trabiju";"2010";"482,86";"23,28";"7,97";3554755
"Tremembé";"2000";"365,42";"";"";3554805
"Tremembé";"2010";"715,72";"20,82";"7,85";3554805
"Três Fronteiras";"2000";"238,58";"";"";3554904
"Três Fronteiras";"2010";"585,37";"17,44";"4,51";3554904
"Tuiuti";"2000";"240,09";"";"";3554953
"Tuiuti";"2010";"572,79";"18,13";"4,53";3554953
"Tupã";"2000";"348,81";"";"";3555000
"Tupã";"2010";"688,97";"19,24";"6,46";3555000
"Tupi Paulista";"2000";"317,1";"";"";3555109
"Tupi Paulista";"2010";"689,61";"12,75";"2,61";3555109
"Turiúba";"2000";"232,54";"";"";3555208
"Turiúba";"2010";"670,14";"14,65";"3,7";3555208
"Turmalina";"2000";"200,83";"";"";3555307
"Turmalina";"2010";"633,98";"13,81";"3,49";3555307
"Ubarana";"2000";"175,16";"";"";3555356
"Ubarana";"2010";"478,37";"21,43";"5,48";3555356
"Ubatuba";"2000";"317,1";"";"";3555406
"Ubatuba";"2010";"572,41";"26,54";"10,33";3555406
"Ubirajara";"2000";"188,75";"";"";3555505
"Ubirajara";"2010";"522,85";"21,72";"5,6";3555505
"Uchoa";"2000";"241,6";"";"";3555604
"Uchoa";"2010";"606,31";"18,18";"5,01";3555604
"União Paulista";"2000";"173,65";"";"";3555703
"União Paulista";"2010";"570,21";"15,91";"3,14";3555703
"Urânia";"2000";"238,58";"";"";3555802
"Urânia";"2010";"595,62";"18,66";"4,99";3555802
"Uru";"2000";"215,93";"";"";3555901
"Uru";"2010";"495,72";"26,03";"7,76";3555901
"Urupês";"2000";"285,39";"";"";3556008
"Urupês";"2010";"682,87";"11,84";"2,74";3556008
"Valentim Gentil";"2000";"280,86";"";"";3556107
"Valentim Gentil";"2010";"590,86";"14,95";"3,82";3556107
"Valinhos";"2000";"567,76";"";"";3556206
"Valinhos";"2010";"1247,87";"7,98";"2,93";3556206
"Valparaíso";"2000";"273,31";"";"";3556305
"Valparaíso";"2010";"557,41";"20,75";"6,73";3556305
"Vargem";"2000";"249,15";"";"";3556354
"Vargem";"2010";"560,01";"19,19";"5";3556354
"Vargem Grande do Sul";"2000";"282,37";"";"";3556404
"Vargem Grande do Sul";"2010";"593,94";"19,21";"6,09";3556404
"Vargem Grande Paulista";"2000";"295,96";"";"";3556453
"Vargem Grande Paulista";"2010";"717,88";"20,15";"8,09";3556453
"Várzea Paulista";"2000";"259,72";"";"";3556503
"Várzea Paulista";"2010";"574,7";"19,17";"7,26";3556503
"Vera Cruz";"2000";"276,33";"";"";3556602
"Vera Cruz";"2010";"609,6";"18,5";"4,25";3556602
"Vinhedo";"2000";"626,65";"";"";3556701
"Vinhedo";"2010";"1308,22";"9,6";"4,43";3556701
"Viradouro";"2000";"264,25";"";"";3556800
"Viradouro";"2010";"626,55";"15,1";"3,92";3556800
"Vista Alegre do Alto";"2000";"394,11";"";"";3556909
"Vista Alegre do Alto";"2010";"692,71";"8,99";"2,01";3556909
"Vitória Brasil";"2000";"176,67";"";"";3556958
"Vitória Brasil";"2010";"515,51";"16,49";"3,94";3556958
"Votorantim";"2000";"303,51";"";"";3557006
"Votorantim";"2010";"643,2";"16,93";"5,43";3557006
"Votuporanga";"2000";"415,25";"";"";3557105
"Votuporanga";"2010";"808";"12,51";"3,95";3557105
"Zacarias";"2000";"175,16";"";"";3557154
"Zacarias";"2010";"523,97";"17,72";"3,85";3557154
